,Title,Published_date,views,Likes,Dislikes,Comments,Month
0,One Direction - End of the Day (Audio),2020-08-24,13758526,334902,0,12558,Aug
1,One Direction - History (Audio),2020-08-23,1052695,41351,0,1603,Aug
2,One Direction - A.M. (Audio),2020-08-23,4021043,92017,0,3045,Aug
3,One Direction - Infinity (Audio),2020-08-23,8988702,185564,0,6190,Aug
4,One Direction - I Want to Write You a Song (Audio),2020-08-23,2450128,84134,0,2562,Aug
5,One Direction - Temporary Fix (Audio),2020-08-23,4390301,89664,0,1725,Aug
6,One Direction - Perfect (Audio),2020-08-23,1299873,31148,0,621,Aug
7,One Direction - Never Enough (Audio),2020-08-23,2294287,57681,0,3541,Aug
8,One Direction - Walking in the Wind (Audio),2020-08-23,7385796,168718,0,5851,Aug
9,One Direction - If I Could Fly (Audio),2020-08-23,6143412,145483,0,133600,Aug
10,One Direction - Hey Angel (Audio),2020-08-23,3480618,74072,0,2184,Aug
11,One Direction - What a Feeling (Audio),2020-08-23,5844910,122238,0,5211,Aug
12,One Direction - Long Way Down (Audio),2020-08-23,1849743,62283,0,2295,Aug
13,One Direction - Olivia (Audio),2020-08-23,13834797,274935,0,7620,Aug
14,One Direction - Love You Goodbye (Audio),2020-08-23,3554742,85710,0,2815,Aug
15,One Direction - Drag Me Down (Audio),2020-08-23,1511367,58404,0,2535,Aug
16,One Direction - Wolves (Audio),2020-08-23,3889759,71079,0,1457,Aug
17,One Direction - Illusion (Audio),2020-08-16,264502,16371,0,532,Aug
18,One Direction - Fireproof (Audio),2020-08-16,657981,35472,0,1900,Aug
19,One Direction - Change Your Ticket (Audio),2020-08-16,210694,16737,0,724,Aug
20,One Direction - Girl Almighty (Audio),2020-08-16,221496,27712,0,1841,Aug
21,One Direction - Steal My Girl (Audio),2020-08-16,362608,17676,0,435,Aug
22,One Direction - Once in a Lifetime (Audio),2020-08-16,167473,13054,0,467,Aug
23,One Direction - Where Do Broken Hearts Go (Audio),2020-08-16,247905,16231,0,499,Aug
24,One Direction - Act My Age (Audio),2020-08-16,204672,16273,0,486,Aug
25,One Direction - Spaces (Audio),2020-08-16,171771,12570,0,414,Aug
26,One Direction - 18 (Audio),2020-08-16,390750,29873,0,2038,Aug
27,One Direction - Clouds (Audio),2020-08-16,195105,27074,0,2302,Aug
28,One Direction - Ready to Run (Audio),2020-08-16,199058,12839,0,328,Aug
29,One Direction - Stockholm Syndrome (Audio),2020-08-16,216574,13328,0,448,Aug
30,One Direction - Night Changes (Audio),2020-08-16,386915,22245,0,750,Aug
31,One Direction - No Control (Audio),2020-08-16,337268,21082,0,762,Aug
32,One Direction - Fool's Gold (Audio),2020-08-16,192017,13234,0,401,Aug
33,One Direction - Something Great (Audio),2020-08-09,1343329,43453,0,1284,Aug
34,One Direction - Diana (Audio),2020-08-09,4482389,88454,0,2161,Aug
35,One Direction - Why Don't We Go There (Audio),2020-08-09,2016688,57595,0,1619,Aug
36,One Direction - Half a Heart (Audio),2020-08-09,1978703,56754,0,1343,Aug
37,One Direction - Little Black Dress (Audio),2020-08-09,1925326,49637,0,1136,Aug
38,One Direction - Don't Forget Where You Belong (Audio),2020-08-09,2523535,77493,0,3709,Aug
39,One Direction - Right Now (Audio),2020-08-09,14508452,218216,0,5267,Aug
40,One Direction - Strong (Audio),2020-08-09,9845048,165149,0,3116,Aug
41,One Direction - Alive (Audio),2020-08-09,1266020,40365,0,1148,Aug
42,One Direction - Midnight Memories (Audio),2020-08-09,1093387,26904,0,579,Aug
43,One Direction - You & I (Audio),2020-08-09,548403,24829,0,574,Aug
44,One Direction - Best Song Ever (Audio),2020-08-09,408538,25137,0,950,Aug
45,One Direction - Does He Know? (Audio),2020-08-09,1472805,36459,0,844,Aug
46,One Direction - Story of My Life (Audio),2020-08-09,358743,16970,0,513,Aug
47,One Direction - Happily (Audio),2020-08-09,6626568,120372,0,2058,Aug
48,One Direction - Through the Dark (Audio),2020-08-09,3935698,77132,0,1661,Aug
49,One Direction - Little White Lies (Audio),2020-08-09,2412744,50202,0,967,Aug
50,One Direction - Better Than Words (Audio),2020-08-09,3424918,94377,0,3603,Aug
51,One Direction - Magic (Audio),2020-08-02,4193970,87246,0,1650,Aug
52,One Direction - Back For You (Audio),2020-08-02,1615087,46980,0,1173,Aug
53,"One Direction - C'mon, C'mon (Audio)",2020-08-02,5135275,106629,0,2401,Aug
54,One Direction - Summer Love (Audio),2020-08-02,1694146,50161,0,1333,Aug
55,One Direction - Loved You First (Audio),2020-08-02,1107343,35262,0,911,Aug
56,One Direction - Irresistible (Audio),2020-08-02,1480298,54721,0,1563,Aug
57,One Direction - I Would (Audio),2020-08-02,4525191,80897,0,1702,Aug
58,One Direction - Change My Mind (Audio),2020-08-02,2157963,63138,0,1528,Aug
59,One Direction - Kiss You (Audio),2020-08-02,879859,37750,0,1325,Aug
60,One Direction - She's Not Afraid (Audio),2020-08-02,3113496,57114,0,1051,Aug
61,One Direction - Live While We're Young (Audio),2020-08-02,874534,21343,0,404,Aug
62,One Direction - Still The One (Audio),2020-08-02,2204260,81189,0,3392,Aug
63,One Direction - Nobody Compares (Audio),2020-08-02,2376195,48189,0,1122,Aug
64,One Direction - Truly Madly Deeply (Audio),2020-08-02,1145067,62780,0,3227,Aug
65,One Direction - Over Again (Audio),2020-08-02,4603778,96347,0,2191,Aug
66,One Direction - Little Things (Audio),2020-08-02,274853,16516,0,486,Aug
67,One Direction - Rock Me (Audio),2020-08-02,6038621,116846,0,2920,Aug
68,One Direction - Last First Kiss (Audio),2020-08-02,3713915,76332,0,1298,Aug
69,One Direction - Heart Attack (Audio),2020-08-02,2605257,57626,0,972,Aug
70,One Direction - They Don't Know About Us (Audio),2020-08-02,11154514,225292,0,6300,Aug
71,One Direction - History (Official 4K Video),2020-07-27,25265145,796728,0,25493,Jul
72,One Direction - Another World (Audio),2020-07-26,1118351,66301,0,1576,Jul
73,One Direction - Stand Up (Audio),2020-07-26,1153628,70922,0,2281,Jul
74,One Direction - Same Mistakes (Audio),2020-07-26,1465192,70823,0,2038,Jul
75,One Direction - I Should Have Kissed You (Audio),2020-07-26,903641,43275,0,1848,Jul
76,One Direction - One Thing (Audio),2020-07-26,1016022,41329,0,1030,Jul
77,One Direction - Everything About You (Audio),2020-07-26,1259634,44328,0,1005,Jul
78,One Direction - Up All Night (Audio),2020-07-26,2890813,125975,0,6220,Jul
79,One Direction - Stole My Heart (Audio),2020-07-26,1515190,64234,0,2201,Jul
80,One Direction - Moments (Audio),2020-07-26,2456915,80004,0,2954,Jul
81,One Direction - Save You Tonight (Audio),2020-07-26,1220086,51414,0,1434,Jul
82,One Direction - What Makes You Beautiful (Audio),2020-07-26,1524224,49203,0,1244,Jul
83,One Direction - More Than This (Audio),2020-07-26,2441966,71833,0,1838,Jul
84,One Direction - Gotta Be You (Audio),2020-07-26,296664,23935,0,681,Jul
85,One Direction - Tell Me a Lie (Audio),2020-07-26,1452725,50547,0,1163,Jul
86,One Direction - Taken (Audio),2020-07-26,1597215,59269,0,1775,Jul
87,One Direction - Na Na Na (Audio),2020-07-26,1495097,124338,0,6476,Jul
88,One Direction - I Want (Audio),2020-07-26,2330450,76670,0,1903,Jul
89,One Direction - I Wish (Audio),2020-07-26,2015807,64379,0,1601,Jul
90,One Direction - Steal My Girl (Official 4K Video),2020-07-26,39959243,1195877,0,28866,Jul
91,One Direction - Story of My Life (Official 4K Video),2020-07-25,92566683,1361639,0,34659,Jul
92,One Direction - Live While We're Young (Official 4K Video),2020-07-24,31142851,908529,0,34138,Jul
93,One Direction - What Makes You Beautiful (Official 4K Video),2020-07-23,57821722,1550304,0,43995,Jul
94,One Direction - 10 Years of One Direction,2020-07-23,19816751,2460620,0,180737,Jul
95,One Direction - One Way or Another (Teenage Kicks) (Live at the BRIT Awards 2013),2018-01-30,1401194,173913,0,31065,Jan
96,OneDirectionVEVO Live Stream,2017-12-03,0,242,0,0,Dec
97,One Direction - History (Official Video),2016-01-26,445444123,5477625,0,433604,Jan
98,One Direction - Honda Civic Commercial (Behind The Scenes Part 2) presented by Honda Civic Tour,2015-11-30,790027,72808,0,2591,Nov
99,One Direction - Made In The A.M. Track-by-track (Part 3),2015-11-25,2748596,114342,0,5451,Nov
100,One Direction - Made In The A.M. Track-by-track (Part 2),2015-11-24,2153988,110407,0,5981,Nov
101,One Direction - Honda Civic Commercial (Behind The Scenes Part 1) presented by Honda Civic Tour,2015-11-23,1193416,94360,0,2449,Nov
102,One Direction - Made In The A.M. Track-by-track (Part 1),2015-11-20,3697930,193927,0,6509,Nov
103,One Direction - Thank you,2015-11-19,2954179,428632,0,20749,Nov
104,One Direction - On the Road Again Tour Diary from the Honda Civic Tour: Part I,2015-11-16,2584648,169295,0,4598,Nov
105,One Direction - Made in the A.M. - OUT NOW,2015-11-13,1016564,66025,0,1241,Nov
106,Made In The A.M. - #1DFirstListen,2015-11-09,377619,40550,0,1380,Nov
107,Made in the A.M. - Track-By-Track - History,2015-11-06,485082,39632,0,831,Nov
108,Track-by-Track: Wolves & A.M.,2015-11-05,927655,57965,0,2441,Nov
109,Track-by-Track: Temporary Fix & Walking In The Wind,2015-11-04,1388916,86079,0,3794,Nov
110,One Direction - Perfect (Behind The Scenes) presented by Honda Civic Tour,2015-10-30,5294953,268386,0,6876,Oct
111,One Direction - Perfect (Official Video),2015-10-20,542525358,4684018,0,236722,Oct
112,One Direction – On The Road Again Tour Diary from the Honda Civic Tour: Part III,2015-10-08,2854479,177405,0,5190,Oct
113,One Direction - Made in the A.M. announcement,2015-09-22,3352977,70665,0,2634,Sep
114,One Direction - On The Road Again Tour Diary from the Honda Civic Tour: Part 2,2015-09-04,2497404,172830,0,4512,Sep
115,One Direction - ‘Dear World Leaders’,2015-08-31,3624105,301276,0,12273,Aug
116,One Direction - Drag Me Down (Official Video),2015-08-21,1049885934,9456745,0,2443749,Aug
117,action/1D - Harry,2015-07-27,884160,77817,0,1964,Jul
118,action/1D - Liam and Niall,2015-07-20,547662,59476,0,1221,Jul
119,One Direction - Between Us Fragrance Ad,2015-07-14,1208752,76679,0,1561,Jul
120,action/1D – Louis,2015-07-14,569944,65783,0,1830,Jul
121,One Direction – action/1D,2015-07-08,1073744,89592,0,2495,Jul
122,#1DOrlandoQnA - Cities,2015-02-28,357345,23522,0,916,Feb
123,#1DOrlandoQnA - touring,2015-02-19,328098,20849,0,689,Feb
124,One Direction 'On The Road Again' In Brisbane,2015-02-17,583672,40115,0,765,Feb
125,One Direction Orlando Q&A - Rides,2015-02-12,312578,19155,0,342,Feb
126,One Direction 'On The Road Again' In Sydney!,2015-02-09,562765,40856,0,1421,Feb
127,One Direction Orlando Q&A - Recording FOUR,2015-01-30,352547,20320,0,356,Jan
128,One Direction Orlando Q&A - WDBHG,2015-01-26,491405,27818,0,556,Jan
129,One Direction Orlando Q&A - Influences,2015-01-21,416105,25512,0,708,Jan
130,One Direction - Story of My Life (One Direction: The TV Special),2014-12-24,20592173,432341,0,11614,Dec
131,One Direction - Ready To Run (Live on SNL),2014-12-22,1144629,44243,0,2413,Dec
132,One Direction - Night Changes (Live on SNL),2014-12-22,1010424,30887,0,1442,Dec
133,One Direction - Little Things (Live TV Special),2014-12-21,29254842,637383,0,17359,Dec
134,One Direction - Night Changes (Behind The Scenes Part 5),2014-12-02,5864647,202202,0,4919,Dec
135,Where We Are: Live From San Siro Stadium - Best Song Ever Clip,2014-12-01,309345,19659,0,268,Dec
136,One Direction - Night Changes (Behind The Scenes Part 4),2014-11-30,6174160,226398,0,3015,Nov
137,On The Road Again 2015 Tour - UK and Ireland Dates Announced!,2014-11-29,271690,16240,0,1043,Nov
138,Where We Are: Live From San Siro Stadium,2014-11-29,297389,16686,0,250,Nov
139,One Direction - Night Changes (Behind The Scenes Part 3),2014-11-28,5082367,179337,0,1830,Nov
140,Where We Are: Live From San Siro Stadium Clip - Niall,2014-11-28,215290,13647,0,93,Nov
141,Where We Are: Live From San Siro Stadium - What Makes You Beautiful Clip,2014-11-28,216100,13454,0,217,Nov
142,One Direction - Best Song Ever (Where We Are: Live From San Siro Stadium),2014-11-28,36759797,674215,0,26239,Nov
143,Where We Are:Live From San Siro Stadium DVD - SOML,2014-11-27,247778,14846,0,198,Nov
144,'Where We Are' Live From San Siro Stadium DVD - Niall,2014-11-27,242846,14340,0,127,Nov
145,Where We Are: Live From San Siro Stadium DVD - What Makes You Beautiful Performance,2014-11-27,6538762,118783,0,2376,Nov
146,One Direction - Night Changes (Behind The Scenes Part 2),2014-11-26,6286889,229947,0,3735,Nov
147,'Where We Are: Live From San Siro Stadium' DVD Clip - Louis,2014-11-26,412364,20555,0,235,Nov
148,'Where We Are: Live From San Siro Stadium' DVD Clip - Live While We're Young,2014-11-26,354562,16960,0,117,Nov
149,'Where We Are:Live From San Siro Stadium' DVD - Happily Performance,2014-11-26,6192472,121604,0,2545,Nov
150,One Direction - Night Changes (Behind The Scenes Part 1),2014-11-24,8124808,310459,0,4748,Nov
151,The guys celebrate FOUR in #1DOrlando,2014-11-23,995421,74744,0,2559,Nov
152,One Direction - Spaces (Audio),2014-11-21,14967922,232499,0,7913,Nov
153,One Direction - Night Changes,2014-11-21,719696790,7391495,0,260114,Nov
154,One Direction - Night Changes (1 day to go),2014-11-20,2365052,84787,0,3290,Nov
155,FOUR on Spotify!,2014-11-19,415658,43228,0,1182,Nov
156,One Direction - Night Changes (2 days to go),2014-11-19,2081833,77318,0,2240,Nov
157,One Direction - Clouds (Audio),2014-11-18,13514893,205880,0,6378,Nov
158,One Direction - Illusion (Audio),2014-11-18,8612858,140148,0,3309,Nov
159,One Direction - Once in a Lifetime (Audio),2014-11-18,11120689,191439,0,6557,Nov
160,One Direction - Change Your Ticket (Audio),2014-11-18,10762660,147717,0,5052,Nov
161,One Direction - Stockholm Syndrome (Audio),2014-11-18,36205300,422376,0,16461,Nov
162,One Direction - Act My Age (Audio),2014-11-18,20231912,322038,0,12664,Nov
163,One Direction - Night Changes (3 days to go),2014-11-18,1785080,81849,0,2949,Nov
164,One Direction - Night Changes (4 days to go),2014-11-17,2029207,84557,0,3551,Nov
165,One Direction - Night Changes (Acoustic),2014-11-17,144457500,1955428,0,65724,Nov
166,One Direction - No Control (Audio),2014-11-17,44993556,547876,0,19368,Nov
167,One Direction - Ready to Run (Audio),2014-11-17,22470316,279091,0,8942,Nov
168,One Direction - Girl Almighty (Audio),2014-11-17,20175976,248794,0,6701,Nov
169,One Direction - 18 (Audio),2014-11-17,66357655,693845,0,26234,Nov
170,One Direction - Where Do Broken Hearts Go (Audio),2014-11-17,31510967,334400,0,9532,Nov
171,One Direction - Fool's Gold (Audio),2014-11-17,21972919,306665,0,10086,Nov
172,One Direction - Night Changes (5 days to go),2014-11-16,2531812,132117,0,7478,Nov
173,One Direction - Night Changes (Audio),2014-11-14,15303863,285336,0,13562,Nov
174,Band Aid 30,2014-11-14,494124,32217,0,545,Nov
175,One Direction - Fools Gold,2014-11-13,1759448,164771,0,3945,Nov
176,One Direction: FOUR HANGOUT,2014-11-09,6853334,0,0,28663,Nov
177,One Direction - Steal My Girl (Acoustic),2014-11-09,50732988,763870,0,27179,Nov
178,FOUR TAKEOVER,2014-11-06,669884,38040,0,853,Nov
179,One Direction - Steal My Girl (Behind The Scenes),2014-10-31,9124274,306120,0,6346,Oct
180,One Direction - Steal My Girl,2014-10-24,421198166,4623643,0,203179,Oct
181,One Direction - Steal My Girl (1 day to go),2014-10-23,2826471,86446,0,3137,Oct
182,One Direction - Steal My Girl (2 days to go),2014-10-22,3020203,93197,0,3542,Oct
183,One Direction - Steal My Girl (3 days to go),2014-10-21,3145244,94302,0,3978,Oct
184,One Direction - Steal My Girl (4 days to go),2014-10-20,3943520,91885,0,2987,Oct
185,One Direction - Steal My Girl (5 days to go),2014-10-19,1489883,61635,0,2781,Oct
186,One Direction - Steal My Girl (Acoustic Version) [Audio],2014-10-14,3385139,116823,0,5077,Oct
187,One Direction - Steal My Girl (Video Teaser),2014-10-13,692268,42963,0,1357,Oct
188,One Direction - Little Things (Live),2014-10-09,1503432,55506,0,1251,Oct
189,Where We Are Concert Film: Interview Preview,2014-10-09,278126,18021,0,291,Oct
190,Where We Are Concert Film: Preview clip,2014-10-09,445239,23947,0,402,Oct
191,Where We Are Concert Film: Little Things LIVE clip,2014-10-09,293902,20097,0,399,Oct
192,One Direction in Universal Orlando Resort!,2014-10-02,420301,24131,0,902,Oct
193,One Direction - Steal My Girl (Audio),2014-09-29,41577516,545165,0,32426,Sep
194,Steal My Girl (Big Payno & Afterhrs Pool Party Remix) Clip,2014-09-26,347305,24552,0,684,Sep
195,1D Official Interactive App,2014-09-25,339333,29339,0,659,Sep
196,One Direction - Fireproof (Audio),2014-09-22,43683034,516245,0,22116,Sep
197,1D ANNOUNCE ALBUM 'FOUR' + FREE TRACK!,2014-09-08,1716874,64252,0,3087,Sep
198,One Direction - Where We Are (Concert Film Extended Trailer),2014-09-04,4380700,153545,0,7753,Sep
199,One Direction- You & I Fragrance Commercial - Harry,2014-08-19,408091,21021,0,294,Aug
200,One Direction- You & I Fragrance Commercial - Niall,2014-08-15,428145,23626,0,414,Aug
201,One Direction: You & I Fragrance Commercial (Louis),2014-08-14,516064,28088,0,417,Aug
202,One Direction: You & I Fragrance Commercial (Zayn),2014-08-13,585897,33629,0,575,Aug
203,One Direction- You & I Fragrance (Commercial),2014-08-06,5255481,239222,0,5110,Aug
204,One Direction - 'Where We Are' Concert Film Trailer,2014-07-22,2421677,79301,0,3177,Jul
205,One Direction - You & I Fragrance (Backstage Video),2014-07-21,1089384,62918,0,2338,Jul
206,Liam- You & I Fragrance Message,2014-06-16,772119,38365,0,2436,Jun
207,That Moment Animation,2014-06-10,498224,40083,0,1492,Jun
208,One Direction - You & I (Fan Video),2014-05-19,1646003,78419,0,4127,May
209,One Direction - You & I (Behind The Scenes Part 3),2014-05-09,2981996,90605,0,2298,May
210,One Direction - You & I (Behind The Scenes Part 2),2014-05-02,3384374,111312,0,2755,May
211,One Direction - You & I (Behind The Scenes Part 1),2014-04-25,4070116,115887,0,2508,Apr
212,One Direction - You & I,2014-04-18,593753281,5965771,0,311721,Apr
213,One Direction - You & I (1 day to go),2014-04-17,1541344,51689,0,2919,Apr
214,One Direction - You & I (2 days to go),2014-04-16,1407335,57472,0,2502,Apr
215,One Direction - You & I (Radio Edit) [Official Audio],2014-04-14,2677421,109877,0,7377,Apr
216,One Direction - That Moment (Short Film),2014-04-02,4212275,238408,0,11897,Apr
217,Midnight Memories Full TV ad,2014-04-01,306030,22115,0,370,Apr
218,One Direction - 'That Moment' (Teaser Ad),2014-04-01,605837,32567,0,1103,Apr
219,One Direction - 1D Vault 3 - On The Road Memories,2014-03-10,1219470,47628,0,958,Mar
220,One Direction - 1D Vault 2 - 2013 Memories,2014-03-03,3082077,187680,0,3478,Mar
221,'That Moment' Announcement,2014-02-27,1026460,61779,0,3173,Feb
222,One Direction - 1D Vault 1 - Miami Memories,2014-02-24,3459066,117261,0,3494,Feb
223,One Direction - Midnight Memories (Behind The Scenes Part 4),2014-02-10,2404640,96061,0,1931,Feb
224,One Direction - Midnight Memories (Behind The Scenes Part 3),2014-02-09,2648055,95977,0,1226,Feb
225,One Direction - Midnight Memories (Behind The Scenes Part 2),2014-02-08,2767464,110518,0,1696,Feb
226,One Direction - Midnight Memories (Behind The Scenes Part 1),2014-02-07,4171382,162092,0,2480,Feb
227,One Direction - Midnight Memories,2014-01-31,216519820,2613994,0,187076,Jan
228,One Direction - Midnight Memories (Teaser 2),2014-01-30,1250060,59674,0,4251,Jan
229,One Direction - Midnight Memories (Teaser 1),2014-01-29,1781221,89198,0,5986,Jan
230,Liam's Single Announcement!,2014-01-28,1301465,45671,0,1932,Jan
231,One Direction Day: Best Bits (Hour 7),2013-12-25,543799,16388,0,586,Dec
232,One Direction Day: Best Bits (Hour 6),2013-12-25,393646,10731,0,334,Dec
233,1D Day Best Bits Hour 4,2013-12-25,276163,9503,0,315,Dec
234,One Direction Day: Best Bits (Hour 5),2013-12-25,779688,22537,0,716,Dec
235,One Direction: This Is Us DVD Extras (Exclusive Clip 3),2013-12-11,777750,39677,0,1389,Dec
236,One Direction Day: Best Bits (Hour 3),2013-12-08,439446,14682,0,402,Dec
237,One Direction Day: Best Bits (Hour 2),2013-12-08,666306,18976,0,473,Dec
238,One Direction Day: Best Bits (Hour 1),2013-12-08,755054,25115,0,691,Dec
239,One Direction - This Is Us DVD Extras (Exclusive Clip 2),2013-12-03,787128,34198,0,1093,Dec
240,One Direction: This Is Us DVD Extras (Exclusive Clip),2013-12-02,728685,34269,0,1001,Dec
241,One Direction Midnight Memories Thank You,2013-12-01,678502,37530,0,1352,Dec
242,One Direction: Our Moment,2013-11-27,872831,54730,0,1710,Nov
243,2014 Where We Are US stadium tour announcement,2013-11-26,477433,19363,0,3549,Nov
244,1D Day Best Bits,2013-11-25,10334244,217980,0,5699,Nov
245,Watch #1DDay on 23rd November - Live on YouTube,2013-11-20,1966128,41020,0,3522,Nov
246,TV Advert - Midnight Memories by One Direction,2013-11-11,621304,37962,0,827,Nov
247,One Direction - Story of My Life (Behind the Scenes),2013-11-10,17100460,508504,0,15484,Nov
248,One Direction - Story of My Life (Live in Japan),2013-11-04,1675659,73363,0,3096,Nov
249,One Direction - Story of My Life,2013-11-03,993924642,8112356,0,735575,Nov
250,One Direction - Story of My Life (1 day to go),2013-11-02,1602811,64300,0,9198,Nov
251,One Direction - Story of My Life (2 days to go),2013-11-01,2037577,80075,0,7314,Nov
252,1D feat AKB48 - Story of My Life exclusive!,2013-11-01,777544,29158,0,2995,Nov
253,One Direction - Story of My Life (3 days to go),2013-10-31,2141976,103851,0,10951,Oct
254,One Direction: Story of My Life Out Now!,2013-10-28,502486,26648,0,1570,Oct
255,One Direction - Story of My Life (Audio),2013-10-25,20680609,463074,0,118329,Oct
256,One Direction- 'Our Moment' Fragrance Ad,2013-08-24,14958987,478507,0,31820,Aug
257,One Direction: This Is Us Movie - Louis,2013-08-15,1855023,55431,0,2226,Aug
258,Zayn Malik: 1D Fragrance,2013-08-15,1887825,37970,0,2021,Aug
259,Harry Styles: One Direction Fragrance,2013-08-13,2239713,61737,0,7890,Aug
260,Louis Tomlinson: 1D Fragrance,2013-08-12,1831199,50617,0,4468,Aug
261,One Direction - Best Song Ever (Behind The Scenes),2013-07-30,11963360,422193,0,17972,Jul
262,One Direction - Thank You for Best Song Ever,2013-07-29,1066362,53187,0,4220,Jul
263,Niall shoots and scores!,2013-07-26,936358,46965,0,2871,Jul
264,Harry in Minneapolis,2013-07-26,775501,42666,0,1105,Jul
265,One Direction - Best Song Ever,2013-07-22,785951430,6875358,0,996594,Jul
266,One Direction - Best Song Ever (1 day to go),2013-07-21,3032148,134548,0,21573,Jul
267,One Direction - Best Song Ever (2 days to go),2013-07-20,2428335,81894,0,13199,Jul
268,One Direction - Best Song Ever (3 days to go),2013-07-19,1999611,68943,0,5778,Jul
269,One Direction - Best Song Ever (Audio),2013-07-19,14900167,328795,0,56518,Jul
270,One Direction - Best Song Ever (4 days to go),2013-07-18,3925835,106372,0,13733,Jul
271,One Direction - Best Song Ever (5 days to go),2013-07-17,3431207,96018,0,10620,Jul
272,One Direction - Best Song Ever (6 days to go),2013-07-16,3269878,97313,0,12463,Jul
273,One Direction Hit the Catwalk,2013-07-16,594278,25424,0,1946,Jul
274,One Direction - 1D: This Is Us – Movie Trailer,2013-06-25,19131002,324179,0,50051,Jun
275,COLOMBIA! 1D Stadium Tour Tickets On Sale 9am 24th June!,2013-06-21,234646,9138,0,820,Jun
276,One Direction Fragrance 'Our Moment' Short Film,2013-06-14,1731229,63686,0,5220,Jun
277,One Direction: Fragrance launch,2013-06-07,1143641,40016,0,3740,Jun
278,One Direction - Kiss You (Alt. Version),2013-03-27,35392741,723910,0,32051,Mar
279,One Direction - One Way Or Another (Teenage Kicks),2013-02-20,476037569,4031372,0,346621,Feb
280,One Direction Scrapbook App for iPad/iPhone,2013-02-20,239587,8563,0,897,Feb
281,One Direction - One Way Or Another (Teenage Kicks) - 1 Day To Go,2013-02-20,505592,19633,0,1691,Feb
282,One Direction - One Way Or Another (Teenage Kicks) - 2 Days To Go,2013-02-19,742061,24675,0,1711,Feb
283,One Direction - One Way Or Another (Teenage Kicks) - 3 Days To Go,2013-02-18,848885,27499,0,1791,Feb
284,One Direction - One Way Or Another (Teenage Kicks) - 4 Days To Go,2013-02-17,1033883,33107,0,1970,Feb
285,One Direction - One Way Or Another (Teenage Kicks) - 5 Days To Go,2013-02-16,1080150,37581,0,2490,Feb
286,One Direction - 1D in 3D (Teaser Trailer),2013-02-10,11752967,185355,0,28482,Feb
287,One Direction - Kiss You (Behind The Scenes),2013-01-23,14035016,292707,0,14577,Jan
288,One Direction - Kiss You (Official),2013-01-07,547350476,3944818,0,491494,Jan
289,One Direction - Kiss You - 1 day to go,2013-01-06,4988699,61719,0,11988,Jan
290,One Direction - Kiss You - 2 days to go,2013-01-05,1718693,42297,0,4487,Jan
291,One Direction - Kiss You - 3 days to go,2013-01-04,1403869,43064,0,4276,Jan
292,One Direction - Kiss You - 4 days to go,2013-01-03,1638396,47700,0,5896,Jan
293,One Direction - Kiss You - 5 days to go,2013-01-02,5870432,73376,0,9376,Jan
294,Niall's Backstage Tour!,2012-12-23,1229649,52314,0,4525,Dec
295,One Direction - Kiss You (Lyric Video),2012-12-19,35958729,311127,0,32700,Dec
296,One Direction - BRING ME TO 1D: THE BEST BITS,2012-12-18,2292955,34510,0,2923,Dec
297,One Direction - BRING ME TO 1D: GUITARS AND GOODBYES,2012-12-17,1173595,21406,0,1811,Dec
298,One Direction - BRING ME TO 1D: MEETING 1D,2012-12-16,1199582,24260,0,2904,Dec
299,One Direction - BRING ME TO 1D: KISS YOU PREMIERE,2012-12-15,1813258,31156,0,3511,Dec
300,One Direction - BRING ME TO 1D: FROM CUPCAKES TO QUESTIONS,2012-12-14,831209,20950,0,1751,Dec
301,One Direction - BRING ME TO 1D: THE BOAT TRIP,2012-12-13,750336,18440,0,1852,Dec
302,One Direction - BRING ME TO 1D: WINNERS ARRIVAL,2012-12-12,1414459,30190,0,3406,Dec
303,1D Take Me Home Releases part 2,2012-11-21,525534,13780,0,3040,Nov
304,1D Take Me Home Releases part 3,2012-11-21,468680,12881,0,2608,Nov
305,One Direction Thank You,2012-11-20,1063935,30533,0,2163,Nov
306,1D Take Me Home Releases part 4,2012-11-20,407164,12648,0,486,Nov
307,One Direction - Little Things - Behind The Scenes,2012-11-17,8106587,218286,0,13867,Nov
308,One Direction - Behind the scenes at the photoshoot,2012-11-11,2838702,70718,0,2892,Nov
309,One Direction - Behind the scenes at the photoshoot - Zayn,2012-11-10,2376403,60997,0,3509,Nov
310,One Direction - Behind the scenes at the photoshoot - Niall,2012-11-07,2983006,64617,0,3477,Nov
311,One Direction - Behind the scenes at the photoshoot - Louis,2012-11-06,2738516,63341,0,2445,Nov
312,One Direction - Behind the scenes at the photoshoot - Harry,2012-11-05,2393195,70593,0,3095,Nov
313,One Direction - Behind the scenes at the photoshoot - Liam,2012-11-05,2266768,58926,0,2675,Nov
314,One Direction Boxset with Zappar!,2012-11-05,540163,14360,0,905,Nov
315,One Direction - Little Things,2012-11-02,397554394,3308452,0,334233,Nov
316,One Direction - Little Things - Out Today,2012-11-02,1500398,37875,0,4844,Nov
317,One Direction - Little Things - 1 Day To Go,2012-11-01,1206267,37286,0,3166,Nov
318,One Direction - Little Things - 2 Days To Go,2012-10-31,960586,34329,0,2312,Oct
319,One Direction - Little Things - 3 Days To Go,2012-10-30,891554,34427,0,1931,Oct
320,One Direction - Little Things - 4 Days To Go,2012-10-29,1352573,41942,0,3302,Oct
321,One Direction - Little Things (Lyric Video),2012-10-29,45430940,575159,0,127357,Oct
322,One Direction - Live While We're Young (Behind The Scenes),2012-10-05,16426308,351524,0,21079,Oct
323,One Direction - Live While We're Young,2012-09-20,729972472,4631269,0,540029,Sep
324,Access 1D: USA (Part1),2012-07-13,4864015,116399,0,16189,Jul
325,Message to UK fans!,2012-06-15,562981,13893,0,2808,Jun
326,1D: 'Up All Night - The Live Tour' DVD OUT NOW!,2012-06-15,338312,8657,0,878,Jun
327,One Direction - Vevo GO Shows: Behind The Scenes,2012-05-24,1572517,31324,0,2641,May
328,One Direction - Vevo GO Shows: What Makes You Beautiful,2012-05-24,10996559,145460,0,19334,May
329,"One Direction - Video Diary, Pt. 6 (VEVO LIFT)",2012-05-12,2244186,41081,0,3420,May
330,One Direction - More Than This (Up All Night: The Live Tour),2012-05-10,147506424,1236949,0,92070,May
331,"One Direction - One Direction in America, Ep.6 (VEVO LIFT)",2012-05-08,2280997,39257,0,7056,May
332,"One Direction - One Direction in America, Ep. 5 (VEVO LIFT)",2012-05-04,2365636,43232,0,3518,May
333,Up All Night - The Live Tour DVD: Behind The Scenes,2012-04-25,1539576,23827,0,2514,Apr
334,"One Direction, Vevo - Video Diary, Pt. 5 (VEVO LIFT)",2012-04-24,1506584,26723,0,3229,Apr
335,One Direction - What Makes You Beautiful (VEVO LIFT),2012-04-20,21320676,252158,0,16374,Apr
336,One Direction - One Thing (VEVO LIFT),2012-04-20,6603722,98767,0,5931,Apr
337,One Direction - More Than This (VEVO LIFT),2012-04-20,8526658,131382,0,12265,Apr
338,One Direction - Up All Night (VEVO LIFT),2012-04-20,31595728,257841,0,18300,Apr
339,"One Direction - One Direction in America, Ep. 4 (VEVO LIFT)",2012-04-17,1736893,34208,0,3243,Apr
340,"One Direction - Video Diary, Pt. 4 (VEVO LIFT)",2012-04-17,1769781,46511,0,3431,Apr
341,One Direction - Liam Interview (VEVO LIFT),2012-04-13,1294098,30100,0,2470,Apr
342,One Direction - Harry Interview (VEVO LIFT),2012-04-06,3722579,63167,0,6798,Apr
343,"One Direction - One Direction in America, Ep. 3 (VEVO LIFT)",2012-04-03,2903387,53337,0,2740,Apr
344,"One Direction - Video Diary, Pt. 3 (VEVO LIFT)",2012-04-03,1662841,47680,0,1452,Apr
345,One Direction - Zayn Interview (VEVO LIFT),2012-03-30,3129632,53923,0,4334,Mar
346,"One Direction - Video Diary, Pt. 2 (VEVO LIFT)",2012-03-27,3291383,128723,0,7131,Mar
347,One Direction - Louis Interview (VEVO LIFT),2012-03-23,1798377,40655,0,2829,Mar
348,1D Mania in the USA,2012-03-21,569564,12643,0,1646,Mar
349,"One Direction - One Direction in America, Ep. 2 (VEVO LIFT)",2012-03-21,2408862,37502,0,5443,Mar
350,One Direction - Spin the Harry (Episode 2),2012-03-19,6921640,239496,0,17855,Mar
351,One Direction - ASK:REPLY (VEVO LIFT),2012-03-18,1195810,29497,0,4253,Mar
352,One Direction - Niall Interview (VEVO LIFT),2012-03-16,2122404,50455,0,4459,Mar
353,"Happy ""Up All Night"" US Release Day!",2012-03-13,403324,9169,0,1439,Mar
354,"One Direction - One Direction in America, Ep. 1 (VEVO LIFT)",2012-03-13,2554737,39869,0,2832,Mar
355,"One Direction - Video Diary, Pt. 1 (VEVO LIFT)",2012-03-13,2147045,48235,0,3013,Mar
356,One Direction - What Makes You Beautiful (Live),2012-03-09,33692505,420172,0,19133,Mar
357,One Direction - Get To Know One Direction (VEVO LIFT),2012-03-09,1335610,25240,0,1773,Mar
358,One Direction - One Direction Interview (VEVO LIFT),2012-03-09,3785569,56701,0,4911,Mar
359,One Direction Mania,2012-03-05,557330,16055,0,1994,Mar
360,One Direction US Tour Diary: Albany,2012-03-03,763365,12640,0,1109,Mar
361,One Direction - Spin the Harry (Episode 1),2012-03-02,12676274,411808,0,25076,Mar
362,1D: Thanks a million...3 million!,2012-03-02,668604,17506,0,2437,Mar
363,One Direction: US Tour Diary (Chicago),2012-02-28,636025,11907,0,1002,Feb
364,One Direction - Thank You x,2012-02-22,614338,18393,0,1786,Feb
365,One Direction - What Makes You Beautiful (Behind the Scenes),2012-02-21,9926287,109023,0,8290,Feb
366,One Direction: Harry's Birthday Thank You,2012-02-10,608619,14592,0,1296,Feb
367,One Direction - Happy Valentine's Day!,2012-02-03,757463,19012,0,1077,Feb
368,One Direction - Video Diary (Part 4),2012-02-01,11364248,242075,0,42914,Feb
369,One Direction - One Thing (Behind the Scenes),2012-01-26,8803521,184647,0,11659,Jan
370,One Direction - Video Diary 3,2012-01-19,7546355,195367,0,30620,Jan
371,One Direction - One Thing,2012-01-13,777436652,4877900,0,451414,Jan
372,One Direction - One Thing - 2 Days To Go,2012-01-13,400484,6965,0,212,Jan
373,One Direction - One Thing - 2 Days To Go,2012-01-13,933697,8917,0,549,Jan
374,One Direction - One Thing - 1 Day To Go,2012-01-12,251690,6124,0,172,Jan
375,One Direction - One Thing - 1 Day To Go,2012-01-12,141730,6353,0,301,Jan
376,One Direction - One Thing - 3 Days To Go,2012-01-10,826039,15003,0,2151,Jan
377,One Direction - MEGAMIND (Pt 2),2012-01-09,2727370,81203,0,7804,Jan
378,One Direction - Video Tour Diary.,2012-01-05,4893737,118711,0,29600,Jan
379,One Direction - MEGAMIND (Pt 1),2011-12-22,3248922,100298,0,7188,Dec
380,One Direction  - Video Diary,2011-12-22,9716770,259422,0,44553,Dec
381,One Direction - #1DAdvert,2011-12-09,291333,8493,0,624,Dec
382,One Direction - Super Pokemon Rumble (Behind the Scenes),2011-12-07,5132667,102765,0,5657,Dec
383,One Direction - One Thing (Acoustic Video),2011-12-06,53484307,640371,0,75103,Dec
384,One Direction - Super Pokemon Rumble,2011-12-01,446029,10739,0,469,Dec
385,Save The 1Day Best Bits Video,2011-11-21,285442,7694,0,307,Nov
386,One Direction - Up All Night Listening Party (Part 1),2011-11-18,1167132,20352,0,2181,Nov
387,One Direction - Up All Night Listening Party (Part 3),2011-11-18,626602,15311,0,2317,Nov
388,One Direction - Up All Night Listening Party (Part 2),2011-11-18,792325,17628,0,3043,Nov
389,One Direction TV Ad -- Up All Night.,2011-11-18,575598,11755,0,688,Nov
390,The Directioners are getting ever closer to #Savingthe1Day,2011-11-14,230013,10008,0,1008,Nov
391,One Direction wishes 1DCyberpunk a happy birthday,2011-11-11,351786,10477,0,754,Nov
392,One Direction - Gotta Be You (Fan Remix),2011-11-10,322909,9684,0,1003,Nov
393,One Direction - Gotta Be You,2011-11-08,245496272,1749392,0,185138,Nov
394,One Direction - What Makes You Beautiful (Behind The Scenes),2011-11-04,21333363,372347,0,20963,Nov
395,The Directioners are still #Savingthe1Day!,2011-11-04,622308,17924,0,1063,Nov
396,One Direction - Gotta Be You (Outtakes),2011-11-01,691770,17943,0,1402,Nov
397,The Directioners are #Savingthe1Day,2011-10-28,582713,19573,0,1356,Oct
398,One Direction by One Direction,2011-10-24,7395110,440809,0,14736,Oct
399,One Direction: Behind The Scenes Photoshoot,2011-10-20,2863824,83882,0,6457,Oct
400,One Direction become...ONE DIRECTION DETECTION!!!,2011-10-11,2368870,90275,0,4239,Oct
401,One Direction lose their laptop!,2011-10-10,583784,16262,0,1234,Oct
402,One Direction: Lakeside Book Signing,2011-09-21,775501,21367,0,1625,Sep
403,One Direction - What Makes You Beautiful (Signings),2011-09-20,3259647,61657,0,2735,Sep
404,One Direction - Thank You,2011-09-18,329969,14534,0,762,Sep
405,One Direction - Dare To Dream Book (Photoshoot),2011-08-31,1860937,47204,0,2627,Aug
406,One Direction - Thank you to all UK fans!,2011-08-22,428290,15774,0,957,Aug
407,One Direction - What Makes You Beautiful (Official Video),2011-08-19,1466413443,11555598,0,1161153,Aug
408,One Direction - What Makes You Beautiful Teaser 5 (1 Day To Go),2011-08-18,5415623,38528,0,5158,Aug
409,One Direction - What Makes You Beautiful Teaser 4 (2 Days To Go),2011-08-17,1665421,29729,0,1845,Aug
410,One Direction - What Makes You Beautiful Teaser 3 (3 Days To Go),2011-08-16,1506582,25784,0,917,Aug
411,One Direction - What Makes You Beautiful Teaser 2 (4 Days To Go),2011-08-15,2098816,32604,0,1892,Aug
412,One Direction - What Makes You Beautiful Teaser 1 (5 Days To Go),2011-08-14,2122993,35900,0,2299,Aug
413,One Direction - What Makes You Beautiful (Lyric Video),2011-08-10,45095081,330006,0,28291,Aug
414,One Direction: Alan Carr's Chatty Man (Behind The Scenes),2011-08-04,1218201,25627,0,1857,Aug
415,One Direction: Q&A (Part 2),2011-04-14,1721649,64993,0,3447,Apr
416,One Direction: Q&A (Part 1),2011-04-14,2069401,80725,0,3794,Apr
417,One Direction: X Factor Tour Q&A,2011-04-13,1276824,57844,0,2998,Apr
418,One Direction Tour Video - The 02,2011-03-22,2080685,76548,0,3604,Mar
419,One Direction: X Factor Live Tour (Video Diary),2011-03-09,534610,21061,0,945,Mar
420,One Direction Book Signing - Lakeside,2011-03-07,285175,13341,0,468,Mar
421,One Direction: Tour Video (Week 1),2011-02-24,1114083,35296,0,1681,Feb
422,One Direction - Birmingham Book Signing,2011-02-22,456471,25512,0,967,Feb
423,Welcome to our YouTube Channel!,2011-02-18,2366732,320384,0,17108,Feb
